-- phpMyAdmin SQL Dump
-- version 5.2.1
-- https://www.phpmyadmin.net/
--
-- Host: 127.0.0.1
-- Generation Time: Jan 22, 2026 at 10:39 AM
-- Server version: 10.4.32-MariaDB
-- PHP Version: 8.2.12

SET SQL_MODE = "NO_AUTO_VALUE_ON_ZERO";
START TRANSACTION;
SET time_zone = "+00:00";


/*!40101 SET @OLD_CHARACTER_SET_CLIENT=@@CHARACTER_SET_CLIENT */;
/*!40101 SET @OLD_CHARACTER_SET_RESULTS=@@CHARACTER_SET_RESULTS */;
/*!40101 SET @OLD_COLLATION_CONNECTION=@@COLLATION_CONNECTION */;
/*!40101 SET NAMES utf8mb4 */;

--
-- Database: `tradex`
--

-- --------------------------------------------------------

--
-- Table structure for table `auctions`
--

CREATE TABLE `auctions` (
  `id` bigint(20) UNSIGNED NOT NULL,
  `nft_id` bigint(20) UNSIGNED NOT NULL,
  `starting_price` decimal(16,2) NOT NULL,
  `highest_bid` decimal(16,2) NOT NULL DEFAULT 0.00,
  `status` varchar(255) NOT NULL DEFAULT 'Upcoming',
  `end_time` timestamp NULL DEFAULT NULL,
  `created_at` timestamp NULL DEFAULT NULL,
  `updated_at` timestamp NULL DEFAULT NULL
) ENGINE=InnoDB DEFAULT CHARSET=utf8mb4 COLLATE=utf8mb4_unicode_ci;

--
-- Dumping data for table `auctions`
--

INSERT INTO `auctions` (`id`, `nft_id`, `starting_price`, `highest_bid`, `status`, `end_time`, `created_at`, `updated_at`) VALUES
(1, 1, 50.00, 55.00, 'Live', '2026-01-20 08:10:08', '2026-01-20 06:10:08', '2026-01-20 06:10:08'),
(2, 2, 40.00, 40.00, 'Upcoming', '2026-01-21 06:10:08', '2026-01-20 06:10:08', '2026-01-20 06:10:08'),
(3, 3, 30.00, 35.00, 'Ended', '2026-01-20 05:10:09', '2026-01-20 06:10:09', '2026-01-20 06:10:09'),
(4, 1, 99.00, 68.00, 'Live', '2026-01-20 07:37:36', '2026-01-20 06:14:36', '2026-01-20 06:14:36'),
(5, 2, 72.00, 115.00, 'Upcoming', '2026-01-22 06:14:36', '2026-01-20 06:14:36', '2026-01-20 06:14:36'),
(6, 3, 64.00, 76.00, 'Ended', '2026-01-20 05:30:36', '2026-01-20 06:14:36', '2026-01-20 06:14:36'),
(7, 4, 87.00, 50.00, 'Live', '2026-01-20 07:56:37', '2026-01-20 06:14:37', '2026-01-20 06:14:37'),
(8, 5, 57.00, 53.00, 'Upcoming', '2026-01-22 06:14:37', '2026-01-20 06:14:37', '2026-01-20 06:14:37'),
(9, 6, 82.00, 76.00, 'Ended', '2026-01-20 06:05:37', '2026-01-20 06:14:37', '2026-01-20 06:14:37'),
(10, 7, 55.00, 57.00, 'Live', '2026-01-20 08:05:37', '2026-01-20 06:14:37', '2026-01-20 06:14:37'),
(11, 8, 85.00, 115.00, 'Upcoming', '2026-01-23 06:14:37', '2026-01-20 06:14:37', '2026-01-20 06:14:37'),
(12, 9, 32.00, 86.00, 'Ended', '2026-01-20 05:51:37', '2026-01-20 06:14:37', '2026-01-20 06:14:37'),
(13, 10, 53.00, 63.00, 'Live', '2026-01-20 08:04:37', '2026-01-20 06:14:37', '2026-01-20 06:14:37'),
(14, 11, 67.00, 107.00, 'Upcoming', '2026-01-23 06:14:37', '2026-01-20 06:14:37', '2026-01-20 06:14:37'),
(15, 1, 38.00, 58.00, 'Ended', '2026-01-20 06:18:46', '2026-01-20 06:23:46', '2026-01-20 06:23:46'),
(16, 2, 83.00, 121.00, 'Live', '2026-01-20 07:00:46', '2026-01-20 06:23:46', '2026-01-20 06:23:46'),
(17, 3, 34.00, 80.00, 'Live', '2026-01-20 06:31:46', '2026-01-20 06:23:46', '2026-01-20 06:23:46'),
(18, 4, 45.00, 45.00, 'Upcoming', '2026-01-21 06:23:46', '2026-01-20 06:23:46', '2026-01-20 06:23:46'),
(19, 5, 31.00, 61.00, 'Ended', '2026-01-20 06:17:46', '2026-01-20 06:23:46', '2026-01-20 06:23:46'),
(20, 6, 93.00, 94.00, 'Ended', '2026-01-20 05:30:46', '2026-01-20 06:23:46', '2026-01-20 06:23:46'),
(21, 7, 35.00, 41.00, 'Ended', '2026-01-20 06:06:47', '2026-01-20 06:23:47', '2026-01-20 06:23:47'),
(22, 8, 22.00, 69.00, 'Live', '2026-01-20 07:09:47', '2026-01-20 06:23:47', '2026-01-20 06:23:47'),
(23, 9, 43.00, 58.00, 'Live', '2026-01-20 07:51:47', '2026-01-20 06:23:47', '2026-01-20 06:23:47'),
(24, 10, 76.00, 76.00, 'Upcoming', '2026-01-23 06:23:47', '2026-01-20 06:23:47', '2026-01-20 06:23:47'),
(25, 11, 76.00, 76.00, 'Upcoming', '2026-01-21 06:23:47', '2026-01-20 06:23:47', '2026-01-20 06:23:47'),
(26, 12, 72.00, 87.00, 'Ended', '2026-01-20 05:55:47', '2026-01-20 06:23:47', '2026-01-20 06:23:47'),
(27, 13, 22.00, 26.00, 'Live', '2026-01-20 06:40:47', '2026-01-20 06:23:47', '2026-01-20 06:23:47'),
(28, 14, 66.00, 97.00, 'Live', '2026-01-20 07:15:47', '2026-01-20 06:23:47', '2026-01-20 06:23:47'),
(29, 15, 70.00, 70.00, 'Upcoming', '2026-01-21 06:23:47', '2026-01-20 06:23:47', '2026-01-20 06:23:47'),
(30, 16, 21.00, 69.00, 'Live', '2026-01-20 07:28:47', '2026-01-20 06:23:47', '2026-01-20 06:23:47'),
(31, 17, 30.00, 35.00, 'Ended', '2026-01-20 05:42:48', '2026-01-20 06:23:48', '2026-01-20 06:23:48'),
(32, 18, 52.00, 52.00, 'Upcoming', '2026-01-22 06:23:48', '2026-01-20 06:23:48', '2026-01-20 06:23:48'),
(33, 19, 66.00, 66.00, 'Upcoming', '2026-01-22 06:23:48', '2026-01-20 06:23:48', '2026-01-20 06:23:48'),
(34, 20, 34.00, 75.00, 'Live', '2026-01-20 07:43:48', '2026-01-20 06:23:48', '2026-01-20 06:23:48'),
(35, 21, 28.00, 28.00, 'Upcoming', '2026-01-21 06:23:48', '2026-01-20 06:23:48', '2026-01-20 06:23:48'),
(36, 22, 98.00, 111.00, 'Live', '2026-01-20 07:20:48', '2026-01-20 06:23:48', '2026-01-20 06:23:48'),
(37, 23, 69.00, 69.00, 'Upcoming', '2026-01-22 06:23:48', '2026-01-20 06:23:48', '2026-01-20 06:23:48'),
(38, 1, 83.00, 85.00, 'Live', '2026-01-20 07:50:54', '2026-01-20 06:37:54', '2026-01-20 06:37:54'),
(39, 2, 58.00, 106.00, 'Live', '2026-01-20 08:30:54', '2026-01-20 06:37:54', '2026-01-20 06:37:54'),
(40, 3, 99.00, 99.00, 'Upcoming', '2026-01-21 06:37:54', '2026-01-20 06:37:54', '2026-01-20 06:37:54'),
(41, 4, 72.00, 119.00, 'Live', '2026-01-20 06:47:54', '2026-01-20 06:37:54', '2026-01-20 06:37:54'),
(42, 5, 97.00, 97.00, 'Upcoming', '2026-01-22 06:37:54', '2026-01-20 06:37:54', '2026-01-20 06:37:54'),
(43, 6, 52.00, 90.00, 'Live', '2026-01-20 07:03:54', '2026-01-20 06:37:54', '2026-01-20 06:37:54'),
(44, 7, 71.00, 71.00, 'Upcoming', '2026-01-22 06:37:54', '2026-01-20 06:37:54', '2026-01-20 06:37:54'),
(45, 8, 95.00, 95.00, 'Upcoming', '2026-01-22 06:37:54', '2026-01-20 06:37:54', '2026-01-20 06:37:54'),
(46, 9, 30.00, 76.00, 'Ended', '2026-01-20 06:27:54', '2026-01-20 06:37:54', '2026-01-20 06:37:54'),
(47, 10, 60.00, 79.00, 'Ended', '2026-01-20 05:46:54', '2026-01-20 06:37:54', '2026-01-20 06:37:54'),
(48, 11, 32.00, 73.00, 'Live', '2026-01-20 08:04:54', '2026-01-20 06:37:54', '2026-01-20 06:37:54'),
(49, 12, 52.00, 52.00, 'Upcoming', '2026-01-21 06:37:54', '2026-01-20 06:37:54', '2026-01-20 06:37:54'),
(50, 13, 29.00, 79.00, 'Live', '2026-01-20 06:48:54', '2026-01-20 06:37:54', '2026-01-20 06:37:54'),
(51, 14, 24.00, 47.00, 'Live', '2026-01-20 08:17:54', '2026-01-20 06:37:54', '2026-01-20 06:37:54'),
(52, 15, 98.00, 144.00, 'Ended', '2026-01-20 05:49:54', '2026-01-20 06:37:54', '2026-01-20 06:37:54'),
(53, 16, 75.00, 75.00, 'Upcoming', '2026-01-23 06:37:54', '2026-01-20 06:37:54', '2026-01-20 06:37:54'),
(54, 17, 69.00, 114.00, 'Live', '2026-01-20 06:57:55', '2026-01-20 06:37:55', '2026-01-20 06:37:55'),
(55, 18, 68.00, 68.00, 'Upcoming', '2026-01-21 06:37:55', '2026-01-20 06:37:55', '2026-01-20 06:37:55'),
(56, 19, 91.00, 91.00, 'Upcoming', '2026-01-23 06:37:55', '2026-01-20 06:37:55', '2026-01-20 06:37:55'),
(57, 20, 76.00, 109.00, 'Live', '2026-01-20 07:26:55', '2026-01-20 06:37:55', '2026-01-20 06:37:55'),
(58, 21, 70.00, 94.00, 'Ended', '2026-01-20 05:39:55', '2026-01-20 06:37:55', '2026-01-20 06:37:55'),
(59, 22, 56.00, 103.00, 'Ended', '2026-01-20 06:15:55', '2026-01-20 06:37:55', '2026-01-20 06:37:55'),
(60, 23, 71.00, 100.00, 'Ended', '2026-01-20 06:06:55', '2026-01-20 06:37:55', '2026-01-20 06:37:55'),
(61, 24, 28.00, 28.00, 'Upcoming', '2026-01-21 06:37:55', '2026-01-20 06:37:55', '2026-01-20 06:37:55'),
(62, 25, 30.00, 64.00, 'Ended', '2026-01-20 06:14:55', '2026-01-20 06:37:55', '2026-01-20 06:37:55'),
(63, 26, 66.00, 66.00, 'Upcoming', '2026-01-22 06:37:55', '2026-01-20 06:37:55', '2026-01-20 06:37:55'),
(64, 27, 88.00, 110.00, 'Ended', '2026-01-20 06:30:55', '2026-01-20 06:37:55', '2026-01-20 06:37:55'),
(65, 28, 58.00, 58.00, 'Upcoming', '2026-01-23 06:37:55', '2026-01-20 06:37:55', '2026-01-20 06:37:55'),
(66, 29, 77.00, 94.00, 'Ended', '2026-01-20 06:35:55', '2026-01-20 06:37:55', '2026-01-20 06:37:55'),
(67, 30, 76.00, 76.00, 'Upcoming', '2026-01-23 06:37:55', '2026-01-20 06:37:55', '2026-01-20 06:37:55'),
(68, 31, 60.00, 109.00, 'Ended', '2026-01-20 06:28:55', '2026-01-20 06:37:55', '2026-01-20 06:37:55');

-- --------------------------------------------------------

--
-- Table structure for table `bids`
--

CREATE TABLE `bids` (
  `id` bigint(20) UNSIGNED NOT NULL,
  `auction_id` bigint(20) UNSIGNED NOT NULL,
  `user_id` bigint(20) UNSIGNED NOT NULL,
  `amount` decimal(16,2) NOT NULL,
  `created_at` timestamp NULL DEFAULT NULL,
  `updated_at` timestamp NULL DEFAULT NULL
) ENGINE=InnoDB DEFAULT CHARSET=utf8mb4 COLLATE=utf8mb4_unicode_ci;

--
-- Dumping data for table `bids`
--

INSERT INTO `bids` (`id`, `auction_id`, `user_id`, `amount`, `created_at`, `updated_at`) VALUES
(1, 1, 1, 55.00, '2026-01-20 06:10:09', '2026-01-20 06:10:09'),
(2, 2, 1, 40.00, '2026-01-20 06:10:09', '2026-01-20 06:10:09'),
(3, 1, 1, 62.00, '2026-01-20 06:14:37', '2026-01-20 06:14:37'),
(4, 1, 1, 70.00, '2026-01-20 06:14:37', '2026-01-20 06:14:37'),
(5, 1, 1, 57.00, '2026-01-20 06:14:37', '2026-01-20 06:14:37'),
(6, 4, 1, 117.00, '2026-01-20 06:14:37', '2026-01-20 06:14:37'),
(7, 4, 1, 112.00, '2026-01-20 06:14:37', '2026-01-20 06:14:37'),
(8, 7, 1, 104.00, '2026-01-20 06:14:37', '2026-01-20 06:14:37'),
(9, 7, 1, 97.00, '2026-01-20 06:14:37', '2026-01-20 06:14:37'),
(10, 7, 1, 95.00, '2026-01-20 06:14:37', '2026-01-20 06:14:37'),
(11, 10, 1, 68.00, '2026-01-20 06:14:37', '2026-01-20 06:14:37'),
(12, 10, 1, 66.00, '2026-01-20 06:14:38', '2026-01-20 06:14:38'),
(13, 10, 1, 58.00, '2026-01-20 06:14:38', '2026-01-20 06:14:38'),
(14, 10, 1, 60.00, '2026-01-20 06:14:38', '2026-01-20 06:14:38'),
(15, 10, 1, 69.00, '2026-01-20 06:14:38', '2026-01-20 06:14:38'),
(16, 13, 1, 57.00, '2026-01-20 06:14:38', '2026-01-20 06:14:38'),
(17, 13, 1, 56.00, '2026-01-20 06:14:38', '2026-01-20 06:14:38'),
(18, 13, 1, 64.00, '2026-01-20 06:14:38', '2026-01-20 06:14:38'),
(19, 13, 1, 64.00, '2026-01-20 06:14:38', '2026-01-20 06:14:38'),
(20, 13, 1, 62.00, '2026-01-20 06:14:38', '2026-01-20 06:14:38'),
(21, 1, 1, 51.00, '2026-01-20 06:23:48', '2026-01-20 06:23:48'),
(22, 1, 1, 61.00, '2026-01-20 06:23:48', '2026-01-20 06:23:48'),
(23, 1, 1, 70.00, '2026-01-20 06:23:48', '2026-01-20 06:23:48'),
(24, 1, 1, 79.00, '2026-01-20 06:23:48', '2026-01-20 06:23:48'),
(25, 1, 1, 86.00, '2026-01-20 06:23:48', '2026-01-20 06:23:48'),
(26, 4, 1, 101.00, '2026-01-20 06:23:48', '2026-01-20 06:23:48'),
(27, 4, 1, 106.00, '2026-01-20 06:23:49', '2026-01-20 06:23:49'),
(28, 4, 1, 115.00, '2026-01-20 06:23:49', '2026-01-20 06:23:49'),
(29, 4, 1, 125.00, '2026-01-20 06:23:49', '2026-01-20 06:23:49'),
(30, 4, 1, 135.00, '2026-01-20 06:23:49', '2026-01-20 06:23:49'),
(31, 4, 1, 145.00, '2026-01-20 06:23:49', '2026-01-20 06:23:49'),
(32, 7, 1, 89.00, '2026-01-20 06:23:49', '2026-01-20 06:23:49'),
(33, 7, 1, 94.00, '2026-01-20 06:23:49', '2026-01-20 06:23:49'),
(34, 7, 1, 97.00, '2026-01-20 06:23:49', '2026-01-20 06:23:49'),
(35, 10, 1, 61.00, '2026-01-20 06:23:49', '2026-01-20 06:23:49'),
(36, 10, 1, 62.00, '2026-01-20 06:23:49', '2026-01-20 06:23:49'),
(37, 10, 1, 71.00, '2026-01-20 06:23:49', '2026-01-20 06:23:49'),
(38, 10, 1, 78.00, '2026-01-20 06:23:49', '2026-01-20 06:23:49'),
(39, 10, 1, 79.00, '2026-01-20 06:23:49', '2026-01-20 06:23:49'),
(40, 10, 1, 81.00, '2026-01-20 06:23:49', '2026-01-20 06:23:49'),
(41, 13, 1, 54.00, '2026-01-20 06:23:49', '2026-01-20 06:23:49'),
(42, 13, 1, 60.00, '2026-01-20 06:23:49', '2026-01-20 06:23:49'),
(43, 13, 1, 62.00, '2026-01-20 06:23:50', '2026-01-20 06:23:50'),
(44, 13, 1, 65.00, '2026-01-20 06:23:50', '2026-01-20 06:23:50'),
(45, 13, 1, 75.00, '2026-01-20 06:23:50', '2026-01-20 06:23:50'),
(46, 13, 1, 81.00, '2026-01-20 06:23:50', '2026-01-20 06:23:50'),
(47, 13, 1, 89.00, '2026-01-20 06:23:50', '2026-01-20 06:23:50'),
(48, 13, 1, 96.00, '2026-01-20 06:23:50', '2026-01-20 06:23:50'),
(49, 16, 1, 86.00, '2026-01-20 06:23:50', '2026-01-20 06:23:50'),
(50, 16, 1, 92.00, '2026-01-20 06:23:50', '2026-01-20 06:23:50'),
(51, 16, 1, 100.00, '2026-01-20 06:23:50', '2026-01-20 06:23:50'),
(52, 16, 1, 106.00, '2026-01-20 06:23:50', '2026-01-20 06:23:50'),
(53, 16, 1, 110.00, '2026-01-20 06:23:50', '2026-01-20 06:23:50'),
(54, 17, 1, 44.00, '2026-01-20 06:23:50', '2026-01-20 06:23:50'),
(55, 17, 1, 52.00, '2026-01-20 06:23:50', '2026-01-20 06:23:50'),
(56, 17, 1, 62.00, '2026-01-20 06:23:50', '2026-01-20 06:23:50'),
(57, 17, 1, 68.00, '2026-01-20 06:23:50', '2026-01-20 06:23:50'),
(58, 17, 1, 69.00, '2026-01-20 06:23:50', '2026-01-20 06:23:50'),
(59, 17, 1, 71.00, '2026-01-20 06:23:50', '2026-01-20 06:23:50'),
(60, 17, 1, 79.00, '2026-01-20 06:23:50', '2026-01-20 06:23:50'),
(61, 22, 1, 25.00, '2026-01-20 06:23:50', '2026-01-20 06:23:50'),
(62, 22, 1, 33.00, '2026-01-20 06:23:50', '2026-01-20 06:23:50'),
(63, 22, 1, 39.00, '2026-01-20 06:23:51', '2026-01-20 06:23:51'),
(64, 22, 1, 42.00, '2026-01-20 06:23:51', '2026-01-20 06:23:51'),
(65, 23, 1, 53.00, '2026-01-20 06:23:51', '2026-01-20 06:23:51'),
(66, 23, 1, 58.00, '2026-01-20 06:23:51', '2026-01-20 06:23:51'),
(67, 23, 1, 67.00, '2026-01-20 06:23:51', '2026-01-20 06:23:51'),
(68, 23, 1, 75.00, '2026-01-20 06:23:51', '2026-01-20 06:23:51'),
(69, 23, 1, 77.00, '2026-01-20 06:23:51', '2026-01-20 06:23:51'),
(70, 23, 1, 80.00, '2026-01-20 06:23:51', '2026-01-20 06:23:51'),
(71, 23, 1, 84.00, '2026-01-20 06:23:51', '2026-01-20 06:23:51'),
(72, 27, 1, 27.00, '2026-01-20 06:23:51', '2026-01-20 06:23:51'),
(73, 27, 1, 32.00, '2026-01-20 06:23:51', '2026-01-20 06:23:51'),
(74, 28, 1, 73.00, '2026-01-20 06:23:51', '2026-01-20 06:23:51'),
(75, 28, 1, 76.00, '2026-01-20 06:23:51', '2026-01-20 06:23:51'),
(76, 28, 1, 82.00, '2026-01-20 06:23:51', '2026-01-20 06:23:51'),
(77, 28, 1, 87.00, '2026-01-20 06:23:51', '2026-01-20 06:23:51'),
(78, 28, 1, 97.00, '2026-01-20 06:23:51', '2026-01-20 06:23:51'),
(79, 28, 1, 107.00, '2026-01-20 06:23:51', '2026-01-20 06:23:51'),
(80, 28, 1, 108.00, '2026-01-20 06:23:51', '2026-01-20 06:23:51'),
(81, 30, 1, 25.00, '2026-01-20 06:23:51', '2026-01-20 06:23:51'),
(82, 30, 1, 31.00, '2026-01-20 06:23:52', '2026-01-20 06:23:52'),
(83, 30, 1, 37.00, '2026-01-20 06:23:52', '2026-01-20 06:23:52'),
(84, 30, 1, 40.00, '2026-01-20 06:23:52', '2026-01-20 06:23:52'),
(85, 30, 1, 42.00, '2026-01-20 06:23:52', '2026-01-20 06:23:52'),
(86, 30, 1, 49.00, '2026-01-20 06:23:52', '2026-01-20 06:23:52'),
(87, 34, 1, 44.00, '2026-01-20 06:23:52', '2026-01-20 06:23:52'),
(88, 34, 1, 54.00, '2026-01-20 06:23:52', '2026-01-20 06:23:52'),
(89, 34, 1, 61.00, '2026-01-20 06:23:52', '2026-01-20 06:23:52'),
(90, 36, 1, 105.00, '2026-01-20 06:23:52', '2026-01-20 06:23:52'),
(91, 36, 1, 110.00, '2026-01-20 06:23:52', '2026-01-20 06:23:52'),
(92, 36, 1, 111.00, '2026-01-20 06:23:52', '2026-01-20 06:23:52'),
(93, 36, 1, 114.00, '2026-01-20 06:23:52', '2026-01-20 06:23:52'),
(94, 36, 1, 116.00, '2026-01-20 06:23:52', '2026-01-20 06:23:52'),
(95, 36, 1, 122.00, '2026-01-20 06:23:52', '2026-01-20 06:23:52'),
(96, 36, 1, 128.00, '2026-01-20 06:23:52', '2026-01-20 06:23:52'),
(97, 1, 1, 58.00, '2026-01-20 06:37:55', '2026-01-20 06:37:55'),
(98, 1, 1, 68.00, '2026-01-20 06:37:56', '2026-01-20 06:37:56'),
(99, 1, 1, 75.00, '2026-01-20 06:37:56', '2026-01-20 06:37:56'),
(100, 1, 1, 85.00, '2026-01-20 06:37:56', '2026-01-20 06:37:56'),
(101, 4, 1, 109.00, '2026-01-20 06:37:56', '2026-01-20 06:37:56'),
(102, 4, 1, 115.00, '2026-01-20 06:37:56', '2026-01-20 06:37:56'),
(103, 4, 1, 119.00, '2026-01-20 06:37:56', '2026-01-20 06:37:56'),
(104, 4, 1, 124.00, '2026-01-20 06:37:56', '2026-01-20 06:37:56'),
(105, 4, 1, 134.00, '2026-01-20 06:37:56', '2026-01-20 06:37:56'),
(106, 7, 1, 88.00, '2026-01-20 06:37:56', '2026-01-20 06:37:56'),
(107, 7, 1, 93.00, '2026-01-20 06:37:56', '2026-01-20 06:37:56'),
(108, 7, 1, 94.00, '2026-01-20 06:37:56', '2026-01-20 06:37:56'),
(109, 7, 1, 98.00, '2026-01-20 06:37:56', '2026-01-20 06:37:56'),
(110, 7, 1, 102.00, '2026-01-20 06:37:56', '2026-01-20 06:37:56'),
(111, 10, 1, 60.00, '2026-01-20 06:37:56', '2026-01-20 06:37:56'),
(112, 10, 1, 63.00, '2026-01-20 06:37:56', '2026-01-20 06:37:56'),
(113, 10, 1, 71.00, '2026-01-20 06:37:56', '2026-01-20 06:37:56'),
(114, 10, 1, 72.00, '2026-01-20 06:37:57', '2026-01-20 06:37:57'),
(115, 10, 1, 74.00, '2026-01-20 06:37:57', '2026-01-20 06:37:57'),
(116, 10, 1, 78.00, '2026-01-20 06:37:57', '2026-01-20 06:37:57'),
(117, 10, 1, 79.00, '2026-01-20 06:37:57', '2026-01-20 06:37:57'),
(118, 13, 1, 56.00, '2026-01-20 06:37:57', '2026-01-20 06:37:57'),
(119, 13, 1, 65.00, '2026-01-20 06:37:57', '2026-01-20 06:37:57'),
(120, 13, 1, 71.00, '2026-01-20 06:37:57', '2026-01-20 06:37:57'),
(121, 16, 1, 91.00, '2026-01-20 06:37:57', '2026-01-20 06:37:57'),
(122, 16, 1, 94.00, '2026-01-20 06:37:57', '2026-01-20 06:37:57'),
(123, 17, 1, 39.00, '2026-01-20 06:37:57', '2026-01-20 06:37:57'),
(124, 17, 1, 43.00, '2026-01-20 06:37:57', '2026-01-20 06:37:57'),
(125, 17, 1, 44.00, '2026-01-20 06:37:57', '2026-01-20 06:37:57'),
(126, 17, 1, 51.00, '2026-01-20 06:37:57', '2026-01-20 06:37:57'),
(127, 17, 1, 61.00, '2026-01-20 06:37:57', '2026-01-20 06:37:57'),
(128, 22, 1, 31.00, '2026-01-20 06:37:57', '2026-01-20 06:37:57'),
(129, 22, 1, 36.00, '2026-01-20 06:37:57', '2026-01-20 06:37:57'),
(130, 22, 1, 45.00, '2026-01-20 06:37:57', '2026-01-20 06:37:57'),
(131, 22, 1, 46.00, '2026-01-20 06:37:57', '2026-01-20 06:37:57'),
(132, 22, 1, 54.00, '2026-01-20 06:37:57', '2026-01-20 06:37:57'),
(133, 22, 1, 55.00, '2026-01-20 06:37:58', '2026-01-20 06:37:58'),
(134, 22, 1, 60.00, '2026-01-20 06:37:58', '2026-01-20 06:37:58'),
(135, 23, 1, 48.00, '2026-01-20 06:37:58', '2026-01-20 06:37:58'),
(136, 23, 1, 57.00, '2026-01-20 06:37:58', '2026-01-20 06:37:58'),
(137, 23, 1, 67.00, '2026-01-20 06:37:58', '2026-01-20 06:37:58'),
(138, 23, 1, 73.00, '2026-01-20 06:37:58', '2026-01-20 06:37:58'),
(139, 23, 1, 80.00, '2026-01-20 06:37:58', '2026-01-20 06:37:58'),
(140, 27, 1, 30.00, '2026-01-20 06:37:58', '2026-01-20 06:37:58'),
(141, 27, 1, 33.00, '2026-01-20 06:37:58', '2026-01-20 06:37:58'),
(142, 27, 1, 39.00, '2026-01-20 06:37:58', '2026-01-20 06:37:58'),
(143, 27, 1, 42.00, '2026-01-20 06:37:58', '2026-01-20 06:37:58'),
(144, 27, 1, 50.00, '2026-01-20 06:37:58', '2026-01-20 06:37:58'),
(145, 27, 1, 56.00, '2026-01-20 06:37:58', '2026-01-20 06:37:58'),
(146, 28, 1, 72.00, '2026-01-20 06:37:58', '2026-01-20 06:37:58'),
(147, 28, 1, 73.00, '2026-01-20 06:37:58', '2026-01-20 06:37:58'),
(148, 28, 1, 80.00, '2026-01-20 06:37:58', '2026-01-20 06:37:58'),
(149, 28, 1, 82.00, '2026-01-20 06:37:58', '2026-01-20 06:37:58'),
(150, 28, 1, 86.00, '2026-01-20 06:37:58', '2026-01-20 06:37:58'),
(151, 28, 1, 90.00, '2026-01-20 06:37:59', '2026-01-20 06:37:59'),
(152, 28, 1, 93.00, '2026-01-20 06:37:59', '2026-01-20 06:37:59'),
(153, 28, 1, 96.00, '2026-01-20 06:37:59', '2026-01-20 06:37:59'),
(154, 30, 1, 29.00, '2026-01-20 06:37:59', '2026-01-20 06:37:59'),
(155, 30, 1, 34.00, '2026-01-20 06:37:59', '2026-01-20 06:37:59'),
(156, 30, 1, 40.00, '2026-01-20 06:37:59', '2026-01-20 06:37:59'),
(157, 30, 1, 43.00, '2026-01-20 06:37:59', '2026-01-20 06:37:59'),
(158, 34, 1, 36.00, '2026-01-20 06:37:59', '2026-01-20 06:37:59'),
(159, 34, 1, 46.00, '2026-01-20 06:37:59', '2026-01-20 06:37:59'),
(160, 34, 1, 49.00, '2026-01-20 06:37:59', '2026-01-20 06:37:59'),
(161, 34, 1, 51.00, '2026-01-20 06:37:59', '2026-01-20 06:37:59'),
(162, 34, 1, 56.00, '2026-01-20 06:37:59', '2026-01-20 06:37:59'),
(163, 34, 1, 60.00, '2026-01-20 06:37:59', '2026-01-20 06:37:59'),
(164, 34, 1, 66.00, '2026-01-20 06:37:59', '2026-01-20 06:37:59'),
(165, 36, 1, 100.00, '2026-01-20 06:38:00', '2026-01-20 06:38:00'),
(166, 36, 1, 109.00, '2026-01-20 06:38:00', '2026-01-20 06:38:00'),
(167, 36, 1, 115.00, '2026-01-20 06:38:00', '2026-01-20 06:38:00'),
(168, 36, 1, 123.00, '2026-01-20 06:38:00', '2026-01-20 06:38:00'),
(169, 36, 1, 127.00, '2026-01-20 06:38:00', '2026-01-20 06:38:00'),
(170, 36, 1, 137.00, '2026-01-20 06:38:00', '2026-01-20 06:38:00'),
(171, 38, 1, 85.00, '2026-01-20 06:38:00', '2026-01-20 06:38:00'),
(172, 38, 1, 91.00, '2026-01-20 06:38:00', '2026-01-20 06:38:00'),
(173, 38, 1, 100.00, '2026-01-20 06:38:00', '2026-01-20 06:38:00'),
(174, 39, 1, 67.00, '2026-01-20 06:38:00', '2026-01-20 06:38:00'),
(175, 39, 1, 69.00, '2026-01-20 06:38:00', '2026-01-20 06:38:00'),
(176, 39, 1, 78.00, '2026-01-20 06:38:01', '2026-01-20 06:38:01'),
(177, 39, 1, 85.00, '2026-01-20 06:38:01', '2026-01-20 06:38:01'),
(178, 39, 1, 93.00, '2026-01-20 06:38:01', '2026-01-20 06:38:01'),
(179, 41, 1, 81.00, '2026-01-20 06:38:01', '2026-01-20 06:38:01'),
(180, 41, 1, 85.00, '2026-01-20 06:38:01', '2026-01-20 06:38:01'),
(181, 41, 1, 91.00, '2026-01-20 06:38:01', '2026-01-20 06:38:01'),
(182, 41, 1, 96.00, '2026-01-20 06:38:01', '2026-01-20 06:38:01'),
(183, 41, 1, 103.00, '2026-01-20 06:38:01', '2026-01-20 06:38:01'),
(184, 41, 1, 112.00, '2026-01-20 06:38:01', '2026-01-20 06:38:01'),
(185, 41, 1, 114.00, '2026-01-20 06:38:01', '2026-01-20 06:38:01'),
(186, 43, 1, 55.00, '2026-01-20 06:38:01', '2026-01-20 06:38:01'),
(187, 43, 1, 57.00, '2026-01-20 06:38:01', '2026-01-20 06:38:01'),
(188, 43, 1, 62.00, '2026-01-20 06:38:01', '2026-01-20 06:38:01'),
(189, 48, 1, 37.00, '2026-01-20 06:38:01', '2026-01-20 06:38:01'),
(190, 48, 1, 43.00, '2026-01-20 06:38:01', '2026-01-20 06:38:01'),
(191, 48, 1, 48.00, '2026-01-20 06:38:01', '2026-01-20 06:38:01'),
(192, 48, 1, 56.00, '2026-01-20 06:38:01', '2026-01-20 06:38:01'),
(193, 48, 1, 64.00, '2026-01-20 06:38:01', '2026-01-20 06:38:01'),
(194, 48, 1, 69.00, '2026-01-20 06:38:02', '2026-01-20 06:38:02'),
(195, 50, 1, 39.00, '2026-01-20 06:38:02', '2026-01-20 06:38:02'),
(196, 50, 1, 40.00, '2026-01-20 06:38:02', '2026-01-20 06:38:02'),
(197, 50, 1, 50.00, '2026-01-20 06:38:02', '2026-01-20 06:38:02'),
(198, 50, 1, 57.00, '2026-01-20 06:38:02', '2026-01-20 06:38:02'),
(199, 50, 1, 58.00, '2026-01-20 06:38:02', '2026-01-20 06:38:02'),
(200, 50, 1, 62.00, '2026-01-20 06:38:02', '2026-01-20 06:38:02'),
(201, 51, 1, 26.00, '2026-01-20 06:38:02', '2026-01-20 06:38:02'),
(202, 51, 1, 36.00, '2026-01-20 06:38:02', '2026-01-20 06:38:02'),
(203, 51, 1, 41.00, '2026-01-20 06:38:02', '2026-01-20 06:38:02'),
(204, 51, 1, 48.00, '2026-01-20 06:38:02', '2026-01-20 06:38:02'),
(205, 54, 1, 70.00, '2026-01-20 06:38:02', '2026-01-20 06:38:02'),
(206, 54, 1, 74.00, '2026-01-20 06:38:02', '2026-01-20 06:38:02'),
(207, 54, 1, 76.00, '2026-01-20 06:38:02', '2026-01-20 06:38:02'),
(208, 54, 1, 84.00, '2026-01-20 06:38:03', '2026-01-20 06:38:03'),
(209, 57, 1, 79.00, '2026-01-20 06:38:03', '2026-01-20 06:38:03'),
(210, 57, 1, 85.00, '2026-01-20 06:38:03', '2026-01-20 06:38:03');

-- --------------------------------------------------------

--
-- Table structure for table `cache`
--

CREATE TABLE `cache` (
  `key` varchar(255) NOT NULL,
  `value` mediumtext NOT NULL,
  `expiration` int(11) NOT NULL
) ENGINE=InnoDB DEFAULT CHARSET=utf8mb4 COLLATE=utf8mb4_unicode_ci;

-- --------------------------------------------------------

--
-- Table structure for table `cache_locks`
--

CREATE TABLE `cache_locks` (
  `key` varchar(255) NOT NULL,
  `owner` varchar(255) NOT NULL,
  `expiration` int(11) NOT NULL
) ENGINE=InnoDB DEFAULT CHARSET=utf8mb4 COLLATE=utf8mb4_unicode_ci;

-- --------------------------------------------------------

--
-- Table structure for table `deposits`
--

CREATE TABLE `deposits` (
  `id` bigint(20) UNSIGNED NOT NULL,
  `user_id` bigint(20) UNSIGNED NOT NULL,
  `amount` decimal(18,8) NOT NULL,
  `pay_id` varchar(255) DEFAULT NULL,
  `order_id` varchar(255) DEFAULT NULL,
  `pay_address` varchar(255) DEFAULT NULL,
  `status` varchar(255) NOT NULL DEFAULT 'waiting',
  `created_at` timestamp NULL DEFAULT NULL,
  `updated_at` timestamp NULL DEFAULT NULL
) ENGINE=InnoDB DEFAULT CHARSET=utf8mb4 COLLATE=utf8mb4_unicode_ci;

-- --------------------------------------------------------

--
-- Table structure for table `failed_jobs`
--

CREATE TABLE `failed_jobs` (
  `id` bigint(20) UNSIGNED NOT NULL,
  `uuid` varchar(255) NOT NULL,
  `connection` text NOT NULL,
  `queue` text NOT NULL,
  `payload` longtext NOT NULL,
  `exception` longtext NOT NULL,
  `failed_at` timestamp NOT NULL DEFAULT current_timestamp()
) ENGINE=InnoDB DEFAULT CHARSET=utf8mb4 COLLATE=utf8mb4_unicode_ci;

-- --------------------------------------------------------

--
-- Table structure for table `jobs`
--

CREATE TABLE `jobs` (
  `id` bigint(20) UNSIGNED NOT NULL,
  `queue` varchar(255) NOT NULL,
  `payload` longtext NOT NULL,
  `attempts` tinyint(3) UNSIGNED NOT NULL,
  `reserved_at` int(10) UNSIGNED DEFAULT NULL,
  `available_at` int(10) UNSIGNED NOT NULL,
  `created_at` int(10) UNSIGNED NOT NULL
) ENGINE=InnoDB DEFAULT CHARSET=utf8mb4 COLLATE=utf8mb4_unicode_ci;

-- --------------------------------------------------------

--
-- Table structure for table `job_batches`
--

CREATE TABLE `job_batches` (
  `id` varchar(255) NOT NULL,
  `name` varchar(255) NOT NULL,
  `total_jobs` int(11) NOT NULL,
  `pending_jobs` int(11) NOT NULL,
  `failed_jobs` int(11) NOT NULL,
  `failed_job_ids` longtext NOT NULL,
  `options` mediumtext DEFAULT NULL,
  `cancelled_at` int(11) DEFAULT NULL,
  `created_at` int(11) NOT NULL,
  `finished_at` int(11) DEFAULT NULL
) ENGINE=InnoDB DEFAULT CHARSET=utf8mb4 COLLATE=utf8mb4_unicode_ci;

-- --------------------------------------------------------

--
-- Table structure for table `migrations`
--

CREATE TABLE `migrations` (
  `id` int(10) UNSIGNED NOT NULL,
  `migration` varchar(255) NOT NULL,
  `batch` int(11) NOT NULL
) ENGINE=InnoDB DEFAULT CHARSET=utf8mb4 COLLATE=utf8mb4_unicode_ci;

--
-- Dumping data for table `migrations`
--

INSERT INTO `migrations` (`id`, `migration`, `batch`) VALUES
(1, '0001_01_01_000000_create_users_table', 1),
(2, '0001_01_01_000001_create_cache_table', 1),
(3, '0001_01_01_000002_create_jobs_table', 1),
(4, '2026_01_19_113212_add_account_id_to_users_table', 2),
(5, '2026_01_19_120000_create_verification_codes_table', 3),
(6, '2026_01_19_160000_add_referral_to_users_table', 4),
(7, '2026_01_20_000000_create_nfts_table', 5),
(8, '2026_01_20_000001_create_auctions_table', 6),
(9, '2026_01_20_000002_create_bids_table', 6),
(10, '2026_01_20_170000_add_user_id_to_nfts_table', 7),
(11, '2026_01_20_180000_add_balance_to_users_table', 8),
(12, '2026_01_20_190000_add_price_to_nfts_table', 9),
(13, '2026_01_20_200000_add_purchase_price_to_nfts_table', 10),
(14, '2026_01_20_210000_create_portfolio_snapshots_table', 11),
(15, '2026_01_20_000001_update_null_purchase_price_on_nfts_table', 12),
(16, '2026_01_21_000001_add_withdrawal_pin_to_users_table', 13),
(17, '2026_01_21_200000_add_2fa_to_users_table', 14),
(18, '2026_01_21_210000_create_deposits_table', 15),
(21, '2026_01_21_212958_add_fields_to_deposits_table', 16);

-- --------------------------------------------------------

--
-- Table structure for table `nfts`
--

CREATE TABLE `nfts` (
  `id` bigint(20) UNSIGNED NOT NULL,
  `user_id` bigint(20) UNSIGNED DEFAULT NULL,
  `name` varchar(255) NOT NULL,
  `price` decimal(16,2) NOT NULL DEFAULT 0.00,
  `purchase_price` decimal(16,2) DEFAULT NULL,
  `image` varchar(255) DEFAULT NULL,
  `background` varchar(255) DEFAULT NULL,
  `value` decimal(16,2) NOT NULL DEFAULT 0.00,
  `rarity` varchar(255) DEFAULT NULL,
  `created_at` timestamp NULL DEFAULT NULL,
  `updated_at` timestamp NULL DEFAULT NULL
) ENGINE=InnoDB DEFAULT CHARSET=utf8mb4 COLLATE=utf8mb4_unicode_ci;

--
-- Dumping data for table `nfts`
--

INSERT INTO `nfts` (`id`, `user_id`, `name`, `price`, `purchase_price`, `image`, `background`, `value`, `rarity`, `created_at`, `updated_at`) VALUES
(1, 3, 'CryptoPunk #1', 10.00, 30.00, '/images/cryptopunk1.png', '#f5f5f5', 100.00, 'Legendary', '2026-01-20 06:10:08', '2026-01-20 11:59:39'),
(2, 4, 'Bored Ape #2', 10.00, 25.00, '/images/boredape2.png', '#ffe4b5', 80.00, 'Epic', '2026-01-20 06:10:08', '2026-01-20 11:21:00'),
(3, 4, 'Cool Cat #3', 10.00, 50.00, '/images/coolcat3.png', '#e0ffff', 50.00, 'Rare', '2026-01-20 06:10:08', '2026-01-20 12:15:41'),
(4, NULL, 'CryptoPunk #1', 10.00, 40.00, '/images/cryptopunk1.png', '#f5f5f5', 100.00, 'Legendary', '2026-01-20 06:14:35', '2026-01-20 09:48:12'),
(5, 3, 'Bored Ape #2', 10.00, 10.00, '/images/boredape2.png', '#ffe4b5', 80.00, 'Epic', '2026-01-20 06:14:36', '2026-01-21 04:25:00'),
(6, 3, 'Cool Cat #3', 10.00, 70.00, '/images/coolcat3.png', '#e0ffff', 50.00, 'Rare', '2026-01-20 06:14:36', '2026-01-20 12:19:29'),
(7, NULL, 'Doodle #4', 10.00, 25.00, '/images/doodle4.png', '#ffb6c1', 60.00, 'Epic', '2026-01-20 06:14:36', '2026-01-20 09:48:12'),
(8, NULL, 'Azuki #5', 10.00, 30.00, '/images/azuki5.png', '#d3d3d3', 90.00, 'Legendary', '2026-01-20 06:14:36', '2026-01-20 09:48:12'),
(9, 7, 'Mutant Ape #6', 10.00, 10.00, '/images/mutantape6.png', '#fafad2', 70.00, 'Rare', '2026-01-20 06:14:36', '2026-01-21 14:45:41'),
(10, NULL, 'Goblin #7', 10.00, 250.00, '/images/goblin7.png', '#98fb98', 30.00, 'Common', '2026-01-20 06:14:36', '2026-01-20 09:48:12'),
(11, NULL, 'Moonbird #8', 10.00, 20.00, '/images/moonbird8.png', '#add8e6', 120.00, 'Legendary', '2026-01-20 06:14:36', '2026-01-20 09:48:12'),
(12, NULL, 'Azuki #1', 10.00, 20.00, 'https://placehold.co/300x300?text=NFT+1', '#fafad2', 133.00, 'Legendary', '2026-01-20 06:23:45', '2026-01-20 09:48:12'),
(13, NULL, 'Pudgy Penguin #2', 10.00, 20.00, 'https://placehold.co/300x300?text=NFT+2', '#fafad2', 57.00, 'Common', '2026-01-20 06:23:45', '2026-01-20 09:48:12'),
(14, NULL, 'Goblin #3', 10.00, 20.00, 'https://placehold.co/300x300?text=NFT+3', '#fafad2', 123.00, 'Epic', '2026-01-20 06:23:45', '2026-01-20 09:48:12'),
(15, NULL, 'Moonbird #4', 10.00, 20.00, 'https://placehold.co/300x300?text=NFT+4', '#d3d3d3', 54.00, 'Rare', '2026-01-20 06:23:45', '2026-01-20 09:48:12'),
(16, NULL, 'Cool Cat #5', 10.00, 20.00, 'https://placehold.co/300x300?text=NFT+5', '#ffb6c1', 131.00, 'Legendary', '2026-01-20 06:23:46', '2026-01-20 09:48:12'),
(17, NULL, 'World of Women #6', 10.00, 20.00, 'https://placehold.co/300x300?text=NFT+6', '#ffb6c1', 21.00, 'Epic', '2026-01-20 06:23:46', '2026-01-20 09:48:12'),
(18, NULL, 'Goblin #7', 10.00, 20.00, 'https://placehold.co/300x300?text=NFT+7', '#add8e6', 146.00, 'Epic', '2026-01-20 06:23:46', '2026-01-20 09:48:12'),
(19, NULL, 'Cool Cat #8', 10.00, 20.00, 'https://placehold.co/300x300?text=NFT+8', '#f5f5f5', 64.00, 'Rare', '2026-01-20 06:23:46', '2026-01-20 09:48:12'),
(20, NULL, 'Pudgy Penguin #9', 10.00, 20.00, 'https://placehold.co/300x300?text=NFT+9', '#98fb98', 34.00, 'Common', '2026-01-20 06:23:46', '2026-01-20 09:48:12'),
(21, NULL, 'Azuki #10', 10.00, 20.00, 'https://placehold.co/300x300?text=NFT+10', '#ffb6c1', 63.00, 'Legendary', '2026-01-20 06:23:46', '2026-01-20 09:48:12'),
(22, NULL, 'Azuki #11', 10.00, 20.00, 'https://placehold.co/300x300?text=NFT+11', '#ffb6c1', 35.00, 'Epic', '2026-01-20 06:23:46', '2026-01-20 09:48:12'),
(23, NULL, 'Mutant Ape #12', 10.00, 20.00, 'https://placehold.co/300x300?text=NFT+12', '#e0ffff', 132.00, 'Rare', '2026-01-20 06:23:46', '2026-01-20 09:48:12'),
(24, NULL, 'CryptoPunk #1', 10.00, 20.00, '/images/cryptopunk1.png', '#f5f5f5', 100.00, 'Legendary', '2026-01-20 06:37:47', '2026-01-20 09:48:12'),
(25, NULL, 'Bored Ape #2', 10.00, 20.00, '/images/boredape2.png', '#ffe4b5', 80.00, 'Epic', '2026-01-20 06:37:48', '2026-01-20 09:48:12'),
(26, NULL, 'Cool Cat #3', 10.00, 20.00, '/images/coolcat3.png', '#e0ffff', 50.00, 'Rare', '2026-01-20 06:37:49', '2026-01-20 09:48:12'),
(27, NULL, 'Doodle #4', 10.00, 20.00, '/images/doodle4.png', '#ffb6c1', 60.00, 'Epic', '2026-01-20 06:37:50', '2026-01-20 09:48:12'),
(28, NULL, 'Azuki #5', 10.00, 20.00, '/images/azuki5.png', '#d3d3d3', 90.00, 'Legendary', '2026-01-20 06:37:52', '2026-01-20 09:48:12'),
(29, NULL, 'Mutant Ape #6', 10.00, 20.00, '/images/mutantape6.png', '#fafad2', 70.00, 'Rare', '2026-01-20 06:37:52', '2026-01-20 09:48:12'),
(30, NULL, 'Goblin #7', 10.00, 20.00, '/images/goblin7.png', '#98fb98', 30.00, 'Common', '2026-01-20 06:37:53', '2026-01-20 09:48:12'),
(31, NULL, 'Moonbird #8', 10.00, 20.00, '/images/moonbird8.png', '#add8e6', 120.00, 'Legendary', '2026-01-20 06:37:53', '2026-01-20 09:48:12');

-- --------------------------------------------------------

--
-- Table structure for table `password_reset_tokens`
--

CREATE TABLE `password_reset_tokens` (
  `email` varchar(255) NOT NULL,
  `token` varchar(255) NOT NULL,
  `created_at` timestamp NULL DEFAULT NULL
) ENGINE=InnoDB DEFAULT CHARSET=utf8mb4 COLLATE=utf8mb4_unicode_ci;

--
-- Dumping data for table `password_reset_tokens`
--

INSERT INTO `password_reset_tokens` (`email`, `token`, `created_at`) VALUES
('Ode8@proton.me', '$2y$12$4quYRBBOT4LfrTlY82BNiOGoJzFbQNjy3SBul3vNU./Lzc4oSkAhe', '2026-01-20 19:08:35');

-- --------------------------------------------------------

--
-- Table structure for table `portfolio_snapshots`
--

CREATE TABLE `portfolio_snapshots` (
  `id` bigint(20) UNSIGNED NOT NULL,
  `user_id` bigint(20) UNSIGNED NOT NULL,
  `value` decimal(16,2) NOT NULL,
  `created_at` timestamp NULL DEFAULT NULL,
  `updated_at` timestamp NULL DEFAULT NULL
) ENGINE=InnoDB DEFAULT CHARSET=utf8mb4 COLLATE=utf8mb4_unicode_ci;

--
-- Dumping data for table `portfolio_snapshots`
--

INSERT INTO `portfolio_snapshots` (`id`, `user_id`, `value`, `created_at`, `updated_at`) VALUES
(1, 3, 0.00, '2026-01-20 11:58:27', '2026-01-20 11:58:27'),
(2, 4, 80.00, '2026-01-20 11:59:07', '2026-01-20 11:59:07'),
(3, 1, 0.00, '2026-01-20 21:03:58', '2026-01-20 21:03:58'),
(4, 7, 0.00, '2026-01-21 13:42:34', '2026-01-21 13:42:34');

-- --------------------------------------------------------

--
-- Table structure for table `sessions`
--

CREATE TABLE `sessions` (
  `id` varchar(255) NOT NULL,
  `user_id` bigint(20) UNSIGNED DEFAULT NULL,
  `ip_address` varchar(45) DEFAULT NULL,
  `user_agent` text DEFAULT NULL,
  `payload` longtext NOT NULL,
  `last_activity` int(11) NOT NULL
) ENGINE=InnoDB DEFAULT CHARSET=utf8mb4 COLLATE=utf8mb4_unicode_ci;

--
-- Dumping data for table `sessions`
--

INSERT INTO `sessions` (`id`, `user_id`, `ip_address`, `user_agent`, `payload`, `last_activity`) VALUES
('iYaPpyG0fOBrzsLQ5ef6kBZbhiMmSCZezKropbGq', 4, '192.168.0.247', 'Mozilla/5.0 (Linux; Android 10; K) AppleWebKit/537.36 (KHTML, like Gecko) Chrome/144.0.0.0 Mobile Safari/537.36', 'YTo2OntzOjY6Il90b2tlbiI7czo0MDoiYXk3QUFiVFZ3djdqTU1mb3NDNXJ3WmVaUzRMMm9jRHdwZ2Z4RWZaQiI7czozOiJ1cmwiO2E6MDp7fXM6OToiX3ByZXZpb3VzIjthOjI6e3M6MzoidXJsIjtzOjMyOiJodHRwOi8vMTkyLjE2OC4wLjQ1OjgwMDAvYWNjb3VudCI7czo1OiJyb3V0ZSI7czo3OiJhY2NvdW50Ijt9czo2OiJfZmxhc2giO2E6Mjp7czozOiJvbGQiO2E6MDp7fXM6MzoibmV3IjthOjA6e319czo0OiJhdXRoIjthOjE6e3M6MjE6InBhc3N3b3JkX2NvbmZpcm1lZF9hdCI7aToxNzY5MDcyMjU3O31zOjUwOiJsb2dpbl93ZWJfNTliYTM2YWRkYzJiMmY5NDAxNTgwZjAxNGM3ZjU4ZWE0ZTMwOTg5ZCI7aTo0O30=', 1769074617),
('URyqspYGN9JWrbcmLlN8AdnYzFOhgw7I2rO3VMyz', 3, '127.0.0.1', 'Mozilla/5.0 (Windows NT 10.0; Win64; x64) AppleWebKit/537.36 (KHTML, like Gecko) Chrome/143.0.0.0 Safari/537.36', 'YTo1OntzOjY6Il90b2tlbiI7czo0MDoiRm1lbDBSekkyc1lqeXRjcnFYeVAzMmk1bHdJVG1IRlpiUGZ5cGU5eCI7czo5OiJfcHJldmlvdXMiO2E6Mjp7czozOiJ1cmwiO3M6Mjk6Imh0dHA6Ly8xMjcuMC4wLjE6ODAwMC9hY2NvdW50IjtzOjU6InJvdXRlIjtzOjc6ImFjY291bnQiO31zOjY6Il9mbGFzaCI7YToyOntzOjM6Im9sZCI7YTowOnt9czozOiJuZXciO2E6MDp7fX1zOjQ6ImF1dGgiO2E6MTp7czoyMToicGFzc3dvcmRfY29uZmlybWVkX2F0IjtpOjE3NjkwNjcxMzE7fXM6NTA6ImxvZ2luX3dlYl81OWJhMzZhZGRjMmIyZjk0MDE1ODBmMDE0YzdmNThlYTRlMzA5ODlkIjtpOjM7fQ==', 1769074488);

-- --------------------------------------------------------

--
-- Table structure for table `users`
--

CREATE TABLE `users` (
  `id` bigint(20) UNSIGNED NOT NULL,
  `account_id` varchar(10) DEFAULT NULL,
  `referral_code` varchar(10) DEFAULT NULL,
  `referred_by` bigint(20) UNSIGNED DEFAULT NULL,
  `referral_count` int(11) NOT NULL DEFAULT 0,
  `name` varchar(255) NOT NULL,
  `email` varchar(255) NOT NULL,
  `email_verified_at` timestamp NULL DEFAULT NULL,
  `password` varchar(255) NOT NULL,
  `balance` decimal(16,2) NOT NULL DEFAULT 0.00,
  `remember_token` varchar(100) DEFAULT NULL,
  `created_at` timestamp NULL DEFAULT NULL,
  `updated_at` timestamp NULL DEFAULT NULL,
  `withdrawal_pin` varchar(255) DEFAULT NULL,
  `google2fa_secret` varchar(255) DEFAULT NULL,
  `two_factor_enabled` tinyint(1) NOT NULL DEFAULT 0
) ENGINE=InnoDB DEFAULT CHARSET=utf8mb4 COLLATE=utf8mb4_unicode_ci;

--
-- Dumping data for table `users`
--

INSERT INTO `users` (`id`, `account_id`, `referral_code`, `referred_by`, `referral_count`, `name`, `email`, `email_verified_at`, `password`, `balance`, `remember_token`, `created_at`, `updated_at`, `withdrawal_pin`, `google2fa_secret`, `two_factor_enabled`) VALUES
(1, '47883713', '70146782', NULL, 1, 'Ode8', 'Ode8@proton.me', '2026-01-21 19:10:36', '$2y$12$pXDtaRZ/bsPPyWptYPbs/u81g9zSGmmVE5FkIlBuDcG1t1B529AYW', 0.00, 'oE0MtPlMmqMx6iiqVdx2yowuEwSc5UPTyucBxboQT1jrNS57d0wMmK75UAVm', '2026-01-18 19:22:51', '2026-01-21 16:11:20', NULL, 'RT7DF2JO62PV2XPM', 0),
(3, '42758786', '98762969', 1, 1, 'Duma8', 'Duma8@proton.me', '2026-01-21 19:10:36', '$2y$12$eMoWX7AEaRdliJ96fyaI4uqIpZu9YTIA3GxLkHRWKnpQA3f.9zCpC', 470.00, 'pfoK5rlARqpPXWv7pH0qfVQeKrjsjuLR1sM4iXVdkP5uWfnq2vSZSWvggrSm', '2026-01-19 13:19:17', '2026-01-21 06:16:47', '1234', '7LC43XTZVYEMYBXQ', 1),
(4, '82772354', '25562160', 3, 1, 'Nathan', 'nathan0001@proton.me', '2026-01-21 19:10:36', '$2y$12$DHITdSCw9MNDW1EMIxwR6.lajMBS1/Qhl3ESmX4vCDXlTQ6ObEIWS', 480.00, 'efEuQHRPc9Ne8ohqm3Ljz9na9HtZjYIMUneu7RF6sdUhBCCZYDlpiONAspZR', '2026-01-19 14:27:00', '2026-01-21 13:42:32', '3636', 'K2ICFWL4FUTEC3OI', 1),
(7, '84521537', '23375582', 4, 0, 'Lin Feng', 'amosnyoni185@gmail.com', '2026-01-21 19:10:36', '$2y$12$vfenhEA6WBW4l0cuE4KHiOuZDt5Hv61Xi1SpUgZBoXBg4UMBnaLm6', 90.00, NULL, '2026-01-21 13:42:32', '2026-01-21 14:45:40', '3698', 'GWDICX5IEZIYD4YW', 1);

-- --------------------------------------------------------

--
-- Table structure for table `verification_codes`
--

CREATE TABLE `verification_codes` (
  `id` bigint(20) UNSIGNED NOT NULL,
  `email` varchar(255) NOT NULL,
  `code` varchar(6) NOT NULL,
  `type` enum('registration','password_reset','email_change') NOT NULL DEFAULT 'registration',
  `is_used` tinyint(1) NOT NULL DEFAULT 0,
  `expires_at` timestamp NOT NULL DEFAULT current_timestamp() ON UPDATE current_timestamp(),
  `created_at` timestamp NULL DEFAULT NULL,
  `updated_at` timestamp NULL DEFAULT NULL
) ENGINE=InnoDB DEFAULT CHARSET=utf8mb4 COLLATE=utf8mb4_unicode_ci;

--
-- Dumping data for table `verification_codes`
--

INSERT INTO `verification_codes` (`id`, `email`, `code`, `type`, `is_used`, `expires_at`, `created_at`, `updated_at`) VALUES
(1, 'Duma8@proton.me', '136253', 'registration', 1, '2026-01-19 15:26:12', '2026-01-19 12:22:18', '2026-01-19 12:26:10'),
(2, 'Duma8@proton.me', '939345', 'registration', 1, '2026-01-19 16:19:16', '2026-01-19 13:18:14', '2026-01-19 13:19:16'),
(3, 'nathan0001@proton.me', '897975', 'registration', 1, '2026-01-19 17:27:00', '2026-01-19 14:26:24', '2026-01-19 14:27:00'),
(4, 'Ode8@proton.me', '619206', 'password_reset', 1, '2026-01-21 00:03:57', '2026-01-20 21:01:09', '2026-01-20 21:03:57'),
(5, 'nathan0001@proton.me', '700394', 'password_reset', 0, '2026-01-21 04:31:24', '2026-01-21 04:21:24', '2026-01-21 04:21:24'),
(6, 'amosnyoni185@gmail.com', '817147', 'registration', 1, '2026-01-21 16:42:04', '2026-01-21 13:39:19', '2026-01-21 13:42:04'),
(7, 'amosnyoni185@gmail.com', '229911', 'registration', 1, '2026-01-21 16:42:31', '2026-01-21 13:42:04', '2026-01-21 13:42:31');

--
-- Indexes for dumped tables
--

--
-- Indexes for table `auctions`
--
ALTER TABLE `auctions`
  ADD PRIMARY KEY (`id`),
  ADD KEY `auctions_nft_id_foreign` (`nft_id`);

--
-- Indexes for table `bids`
--
ALTER TABLE `bids`
  ADD PRIMARY KEY (`id`),
  ADD KEY `bids_auction_id_foreign` (`auction_id`),
  ADD KEY `bids_user_id_foreign` (`user_id`);

--
-- Indexes for table `cache`
--
ALTER TABLE `cache`
  ADD PRIMARY KEY (`key`);

--
-- Indexes for table `cache_locks`
--
ALTER TABLE `cache_locks`
  ADD PRIMARY KEY (`key`);

--
-- Indexes for table `deposits`
--
ALTER TABLE `deposits`
  ADD PRIMARY KEY (`id`),
  ADD KEY `deposits_user_id_foreign` (`user_id`);

--
-- Indexes for table `failed_jobs`
--
ALTER TABLE `failed_jobs`
  ADD PRIMARY KEY (`id`),
  ADD UNIQUE KEY `failed_jobs_uuid_unique` (`uuid`);

--
-- Indexes for table `jobs`
--
ALTER TABLE `jobs`
  ADD PRIMARY KEY (`id`),
  ADD KEY `jobs_queue_index` (`queue`);

--
-- Indexes for table `job_batches`
--
ALTER TABLE `job_batches`
  ADD PRIMARY KEY (`id`);

--
-- Indexes for table `migrations`
--
ALTER TABLE `migrations`
  ADD PRIMARY KEY (`id`);

--
-- Indexes for table `nfts`
--
ALTER TABLE `nfts`
  ADD PRIMARY KEY (`id`),
  ADD KEY `nfts_user_id_foreign` (`user_id`);

--
-- Indexes for table `password_reset_tokens`
--
ALTER TABLE `password_reset_tokens`
  ADD PRIMARY KEY (`email`);

--
-- Indexes for table `portfolio_snapshots`
--
ALTER TABLE `portfolio_snapshots`
  ADD PRIMARY KEY (`id`),
  ADD KEY `portfolio_snapshots_user_id_foreign` (`user_id`);

--
-- Indexes for table `sessions`
--
ALTER TABLE `sessions`
  ADD PRIMARY KEY (`id`),
  ADD KEY `sessions_user_id_index` (`user_id`),
  ADD KEY `sessions_last_activity_index` (`last_activity`);

--
-- Indexes for table `users`
--
ALTER TABLE `users`
  ADD PRIMARY KEY (`id`),
  ADD UNIQUE KEY `users_email_unique` (`email`),
  ADD UNIQUE KEY `users_account_id_unique` (`account_id`),
  ADD UNIQUE KEY `users_referral_code_unique` (`referral_code`),
  ADD KEY `users_referred_by_foreign` (`referred_by`);

--
-- Indexes for table `verification_codes`
--
ALTER TABLE `verification_codes`
  ADD PRIMARY KEY (`id`),
  ADD KEY `verification_codes_email_index` (`email`);

--
-- AUTO_INCREMENT for dumped tables
--

--
-- AUTO_INCREMENT for table `auctions`
--
ALTER TABLE `auctions`
  MODIFY `id` bigint(20) UNSIGNED NOT NULL AUTO_INCREMENT, AUTO_INCREMENT=69;

--
-- AUTO_INCREMENT for table `bids`
--
ALTER TABLE `bids`
  MODIFY `id` bigint(20) UNSIGNED NOT NULL AUTO_INCREMENT, AUTO_INCREMENT=211;

--
-- AUTO_INCREMENT for table `deposits`
--
ALTER TABLE `deposits`
  MODIFY `id` bigint(20) UNSIGNED NOT NULL AUTO_INCREMENT;

--
-- AUTO_INCREMENT for table `failed_jobs`
--
ALTER TABLE `failed_jobs`
  MODIFY `id` bigint(20) UNSIGNED NOT NULL AUTO_INCREMENT;

--
-- AUTO_INCREMENT for table `jobs`
--
ALTER TABLE `jobs`
  MODIFY `id` bigint(20) UNSIGNED NOT NULL AUTO_INCREMENT;

--
-- AUTO_INCREMENT for table `migrations`
--
ALTER TABLE `migrations`
  MODIFY `id` int(10) UNSIGNED NOT NULL AUTO_INCREMENT, AUTO_INCREMENT=22;

--
-- AUTO_INCREMENT for table `nfts`
--
ALTER TABLE `nfts`
  MODIFY `id` bigint(20) UNSIGNED NOT NULL AUTO_INCREMENT, AUTO_INCREMENT=32;

--
-- AUTO_INCREMENT for table `portfolio_snapshots`
--
ALTER TABLE `portfolio_snapshots`
  MODIFY `id` bigint(20) UNSIGNED NOT NULL AUTO_INCREMENT, AUTO_INCREMENT=5;

--
-- AUTO_INCREMENT for table `users`
--
ALTER TABLE `users`
  MODIFY `id` bigint(20) UNSIGNED NOT NULL AUTO_INCREMENT, AUTO_INCREMENT=8;

--
-- AUTO_INCREMENT for table `verification_codes`
--
ALTER TABLE `verification_codes`
  MODIFY `id` bigint(20) UNSIGNED NOT NULL AUTO_INCREMENT, AUTO_INCREMENT=8;

--
-- Constraints for dumped tables
--

--
-- Constraints for table `auctions`
--
ALTER TABLE `auctions`
  ADD CONSTRAINT `auctions_nft_id_foreign` FOREIGN KEY (`nft_id`) REFERENCES `nfts` (`id`) ON DELETE CASCADE;

--
-- Constraints for table `bids`
--
ALTER TABLE `bids`
  ADD CONSTRAINT `bids_auction_id_foreign` FOREIGN KEY (`auction_id`) REFERENCES `auctions` (`id`) ON DELETE CASCADE,
  ADD CONSTRAINT `bids_user_id_foreign` FOREIGN KEY (`user_id`) REFERENCES `users` (`id`) ON DELETE CASCADE;

--
-- Constraints for table `deposits`
--
ALTER TABLE `deposits`
  ADD CONSTRAINT `deposits_user_id_foreign` FOREIGN KEY (`user_id`) REFERENCES `users` (`id`) ON DELETE CASCADE;

--
-- Constraints for table `nfts`
--
ALTER TABLE `nfts`
  ADD CONSTRAINT `nfts_user_id_foreign` FOREIGN KEY (`user_id`) REFERENCES `users` (`id`) ON DELETE SET NULL;

--
-- Constraints for table `portfolio_snapshots`
--
ALTER TABLE `portfolio_snapshots`
  ADD CONSTRAINT `portfolio_snapshots_user_id_foreign` FOREIGN KEY (`user_id`) REFERENCES `users` (`id`) ON DELETE CASCADE;

--
-- Constraints for table `users`
--
ALTER TABLE `users`
  ADD CONSTRAINT `users_referred_by_foreign` FOREIGN KEY (`referred_by`) REFERENCES `users` (`id`) ON DELETE SET NULL;
COMMIT;

/*!40101 SET CHARACTER_SET_CLIENT=@OLD_CHARACTER_SET_CLIENT */;
/*!40101 SET CHARACTER_SET_RESULTS=@OLD_CHARACTER_SET_RESULTS */;
/*!40101 SET COLLATION_CONNECTION=@OLD_COLLATION_CONNECTION */;
